ID:int;MANUFACTURER:string;CAR:string;MODEL:string;YEAR_OF_BILD:string;FUEL_CONSUMTION_100KM:double
2;MERCEDES;MERCEDESxx;190;12.36
3;FORD;FORD;FOCUS;2012;6.900000
2;BMV;BMV123;520;2005;9.300000
3;BMV;BMV123;720;2021;12.700000
2;MERCEDES;MERCEDESxx;190;12.36
3;FORD;FORD;FOCUS;2012;6.900000
1;BMV;BMV123;320;1995;8.400000
2;BMV;BMV123;520;2005;9.300000
3;BMV;BMV123;720;2021;12.700000
2;MERCEDES;MERCEDESxx;190;12.36
3;FORD;FORD;FOCUS;2012;6.900000
1;BMV;BMV123;320;1995;8.400000
2;BMV;BMV123;520;2005;9.300000
3;BMV;BMV123;720;2021;12.700000
2;MERCEDES;MERCEDESxx;190;12.36
3;FORD;FORD;FOCUS;2012;6.900000
